Date,Open,High,Low,Close,Adj Close,Volume
2019-01-01,null,null,null,null,null,null
2019-01-02,685.409973,687.739990,682.400024,684.919983,684.919983,449400000
2019-01-03,685.210022,695.299988,685.210022,695.299988,695.299988,773500000
2019-01-04,692.369995,701.739990,691.479980,701.739990,701.739990,995400000
2019-01-07,708.109985,713.150024,704.109985,704.109985,704.109985,1043000000
2019-01-08,704.520020,707.460022,694.359985,698.650024,698.650024,977100000
2019-01-09,702.419983,705.109985,694.000000,694.400024,694.400024,747100000
2019-01-10,697.000000,706.570007,691.650024,706.570007,706.570007,964000000
2019-01-11,709.419983,712.760010,706.070007,712.760010,712.760010,690400000
2019-01-14,709.559998,711.109985,700.760010,706.150024,706.150024,585700000
2019-01-15,708.140015,718.289978,705.909973,718.289978,718.289978,1027600000
2019-01-16,719.609985,722.640015,714.429993,717.669983,717.669983,1323600000
2019-01-17,719.320007,725.599976,719.320007,721.429993,721.429993,1024500000
2019-01-18,723.989990,726.080017,719.140015,726.080017,726.080017,763500000
2019-01-21,728.309998,729.869995,723.799988,723.799988,723.799988,667400000
2019-01-22,724.080017,725.140015,717.280029,724.760010,724.760010,673900000
2019-01-23,722.669983,726.159973,720.140015,721.309998,721.309998,829700000
2019-01-24,722.989990,725.080017,720.650024,724.570007,724.570007,904300000
2019-01-25,727.440002,728.630005,721.989990,725.820007,725.820007,914400000
2019-01-28,727.570007,728.530029,714.469971,718.890015,718.890015,994300000
2019-01-29,718.619995,720.599976,715.119995,716.119995,716.119995,742200000
2019-01-30,716.690002,720.059998,714.549988,718.750000,718.750000,895900000
2019-01-31,724.059998,728.770020,722.260010,727.010010,727.010010,1333000000
2019-02-01,728.849976,730.929993,722.330017,726.809998,726.809998,660900000
2019-02-04,727.469971,729.010010,713.909973,716.080017,716.080017,849300000
2019-02-05,null,null,null,null,null,null
2019-02-06,720.559998,728.010010,720.530029,726.179993,726.179993,1174700000
2019-02-07,727.630005,727.929993,720.179993,722.049988,722.049988,1060000000
2019-02-08,718.940002,719.289978,713.770020,717.520020,717.520020,735400000
2019-02-11,717.770020,718.390015,710.369995,710.369995,710.369995,778100000
2019-02-12,709.960022,711.590027,695.239990,698.580017,698.580017,1020900000
2019-02-13,702.179993,704.479980,694.409973,699.919983,699.919983,970300000
2019-02-14,701.989990,702.960022,695.270020,696.630005,696.630005,726200000
2019-02-15,697.380005,697.880005,687.989990,693.429993,693.429993,943600000
2019-02-18,700.250000,711.859985,700.030029,710.320007,710.320007,858000000
2019-02-19,711.049988,712.500000,708.119995,708.119995,708.119995,808600000
2019-02-20,713.919983,715.710022,709.070007,713.630005,713.630005,1004800000
2019-02-21,713.020020,717.140015,710.210022,716.450012,716.450012,1053100000
2019-02-22,714.909973,716.280029,709.090027,712.010010,712.010010,839400000
2019-02-25,715.690002,716.900024,711.880005,712.900024,712.900024,687300000
2019-02-26,713.119995,716.030029,708.299988,716.030029,716.030029,644800000
2019-02-27,715.349976,716.539978,709.239990,713.239990,713.239990,855800000
2019-02-28,713.280029,713.280029,697.469971,698.320007,698.320007,1046300000
2019-03-01,702.849976,708.010010,701.830017,704.479980,704.479980,627000000
2019-03-04,706.659973,707.880005,704.549988,704.669983,704.669983,626600000
2019-03-05,705.690002,705.719971,695.739990,700.880005,700.880005,737100000
2019-03-06,703.630005,705.840027,699.210022,700.669983,700.669983,644800000
2019-03-07,null,null,null,null,null,null
2019-03-08,697.130005,697.919983,689.799988,689.799988,689.799988,716900000
2019-03-11,694.349976,696.250000,688.280029,690.090027,690.090027,704700000
2019-03-12,694.219971,696.219971,687.229980,690.469971,690.469971,654100000
2019-03-13,688.369995,695.010010,687.770020,694.429993,694.429993,698500000
2019-03-14,694.539978,700.309998,693.419983,700.049988,700.049988,660500000
2019-03-15,698.219971,708.099976,698.219971,704.419983,704.419983,1020100000
2019-03-18,706.559998,712.020020,705.539978,712.020020,712.020020,619000000
2019-03-19,712.059998,713.739990,705.669983,706.219971,706.219971,549500000
2019-03-20,706.969971,707.510010,703.080017,706.239990,706.239990,656600000
2019-03-21,709.299988,711.900024,706.530029,711.900024,711.900024,851100000
2019-03-22,713.349976,713.869995,709.419983,711.929993,711.929993,629400000
2019-03-25,705.109985,705.109985,693.330017,695.950012,695.950012,758100000
2019-03-26,700.260010,705.929993,699.989990,705.909973,705.909973,553000000
2019-03-27,707.599976,708.510010,701.500000,701.500000,701.500000,600500000
2019-03-28,702.479980,705.020020,699.150024,704.549988,704.549988,734700000
2019-03-29,705.140015,706.570007,698.890015,704.690002,704.690002,836400000
2019-04-01,707.320007,708.580017,703.500000,704.039978,704.039978,836200000
2019-04-02,706.359985,707.299988,702.039978,705.270020,705.270020,669500000
2019-04-03,null,null,null,null,null,null
2019-04-04,706.450012,708.909973,704.159973,708.609985,708.609985,872500000
2019-04-05,708.340027,708.940002,704.830017,706.400024,706.400024,685100000
2019-04-08,706.400024,707.130005,694.000000,699.599976,699.599976,751700000
2019-04-09,701.080017,709.729980,699.450012,708.929993,708.929993,753900000
2019-04-10,706.869995,709.729980,703.950012,709.729980,709.729980,676100000
2019-04-11,706.219971,706.799988,697.020020,697.020020,697.020020,487500000
2019-04-12,693.489990,699.409973,693.200012,694.960022,694.960022,668300000
2019-04-15,697.419983,698.840027,693.070007,695.809998,695.809998,690700000
2019-04-16,697.130005,705.590027,696.919983,704.570007,704.570007,883400000
2019-04-17,null,null,null,null,null,null
2019-04-18,717.979980,720.419983,702.919983,706.250000,706.250000,1321300000
2019-04-19,null,null,null,null,null,null
2019-04-22,706.690002,707.169983,691.169983,692.030029,692.030029,584400000
2019-04-23,693.989990,704.919983,693.309998,703.770020,703.770020,697000000
2019-04-24,703.080017,705.229980,697.679993,700.340027,700.340027,648700000
2019-04-25,696.799988,698.080017,683.969971,687.330017,687.330017,640600000
2019-04-26,685.200012,692.270020,681.200012,692.270020,692.270020,486700000
2019-04-29,688.030029,689.900024,682.320007,687.960022,687.960022,529600000
2019-04-30,690.419983,693.349976,687.150024,691.909973,691.909973,776100000
2019-05-01,null,null,null,null,null,null
2019-05-02,689.739990,692.859985,681.500000,684.679993,684.679993,880200000
2019-05-03,683.729980,684.190002,667.140015,675.090027,675.090027,832100000
2019-05-06,663.890015,671.140015,658.309998,671.140015,671.140015,689900000
2019-05-07,672.520020,678.580017,671.890015,677.159973,677.159973,669900000
2019-05-08,670.960022,674.190002,667.460022,674.190002,674.190002,627000000
2019-05-09,667.750000,669.760010,655.630005,656.229980,656.229980,747000000
2019-05-10,657.840027,662.289978,650.799988,660.070007,660.070007,685000000
2019-05-13,660.250000,661.849976,646.390015,646.390015,646.390015,542900000
2019-05-14,637.710022,644.530029,632.219971,640.890015,640.890015,783800000
2019-05-15,642.770020,645.429993,627.429993,627.429993,627.429993,701600000
2019-05-16,624.669983,631.520020,615.150024,615.739990,615.739990,639800000
2019-05-17,620.210022,621.429993,607.429993,607.429993,607.429993,624200000
2019-05-20,608.770020,623.549988,601.940002,620.890015,620.890015,556300000
2019-05-21,621.179993,631.400024,621.179993,625.169983,625.169983,642600000
2019-05-22,624.559998,626.609985,618.770020,621.640015,621.640015,352400000
2019-05-23,622.390015,637.440002,622.219971,636.619995,636.619995,665700000
2019-05-24,640.770020,644.359985,638.210022,641.950012,641.950012,522500000
2019-05-27,644.130005,648.609985,643.700012,647.000000,647.000000,583000000
2019-05-28,649.179993,650.690002,638.719971,638.719971,638.719971,1549100000
2019-05-29,640.039978,651.260010,639.719971,646.390015,646.390015,639400000
2019-05-30,null,null,null,null,null,null
2019-05-31,645.440002,661.039978,645.260010,661.039978,661.039978,902700000
2019-06-03,null,null,null,null,null,null
2019-06-04,null,null,null,null,null,null
2019-06-05,null,null,null,null,null,null
2019-06-06,null,null,null,null,null,null
2019-06-07,null,null,null,null,null,null
2019-06-10,668.510010,676.929993,667.739990,676.659973,676.659973,1151800000
2019-06-11,674.150024,678.179993,669.219971,674.599976,674.599976,672200000
2019-06-12,667.030029,672.349976,665.510010,672.349976,672.349976,783200000
2019-06-13,671.239990,673.460022,666.450012,672.150024,672.150024,699700000
2019-06-14,673.570007,675.510010,666.940002,670.109985,670.109985,536400000
2019-06-17,669.359985,669.840027,660.840027,660.840027,660.840027,513500000
2019-06-18,662.340027,669.960022,661.599976,669.960022,669.960022,589900000
2019-06-19,675.650024,681.919983,675.190002,681.919983,681.919983,717200000
2019-06-20,682.719971,683.729980,675.679993,678.080017,678.080017,815800000
2019-06-21,679.650024,680.130005,663.539978,671.640015,671.640015,842800000
2019-06-24,670.559998,671.039978,665.349976,666.549988,666.549988,599400000
2019-06-25,669.849976,673.159973,668.840027,673.159973,673.159973,1159000000
2019-06-26,673.520020,675.250000,669.119995,669.900024,669.900024,936300000
2019-06-27,672.409973,681.599976,671.969971,679.880005,679.880005,825500000
2019-06-28,682.000000,684.780029,678.640015,682.650024,682.650024,764100000
2019-07-01,686.739990,690.979980,683.260010,689.960022,689.960022,859800000
2019-07-02,691.809998,692.580017,687.690002,692.580017,692.580017,680800000
2019-07-03,688.950012,691.900024,685.000000,689.140015,689.140015,658100000
2019-07-04,689.219971,689.979980,687.450012,688.840027,688.840027,623600000
2019-07-05,688.739990,692.200012,688.570007,690.719971,690.719971,624900000
2019-07-08,689.969971,690.140015,683.750000,688.840027,688.840027,568500000
2019-07-09,689.729980,694.190002,689.059998,692.520020,692.520020,741100000
2019-07-10,693.179993,696.039978,690.390015,696.039978,696.039978,684800000
2019-07-11,696.440002,697.780029,691.039978,695.549988,695.549988,633400000
2019-07-12,694.950012,695.289978,686.750000,687.239990,687.239990,638500000
2019-07-15,693.919983,697.750000,692.400024,694.640015,694.640015,834000000
2019-07-16,695.260010,696.090027,691.590027,692.840027,692.840027,545600000
2019-07-17,693.250000,693.440002,688.869995,690.260010,690.260010,724800000
2019-07-18,690.710022,696.820007,689.270020,696.000000,696.000000,825900000
2019-07-19,699.179993,700.510010,696.619995,699.859985,699.859985,591900000
2019-07-22,699.530029,700.429993,691.340027,693.270020,693.270020,522400000
2019-07-23,695.559998,696.210022,692.460022,695.150024,695.150024,550200000
2019-07-24,696.169983,696.690002,690.719971,690.719971,690.719971,516100000
2019-07-25,690.739990,695.869995,690.179993,694.030029,694.030029,738300000
2019-07-26,691.090027,691.710022,676.289978,681.260010,681.260010,643900000
2019-07-29,681.909973,683.340027,676.119995,679.169983,679.169983,485500000
2019-07-30,683.880005,686.690002,681.760010,686.690002,686.690002,651000000
2019-07-31,683.869995,688.830017,679.030029,687.799988,687.799988,1131000000
2019-08-01,687.440002,691.960022,685.020020,690.489990,690.489990,742100000
2019-08-02,683.109985,687.030029,680.169983,685.479980,685.479980,715400000
2019-08-05,677.960022,680.789978,664.500000,664.919983,664.919983,746100000
2019-08-06,657.109985,666.409973,648.789978,661.590027,661.590027,1074000000
2019-08-07,667.140015,674.130005,665.640015,669.239990,669.239990,1172600000
2019-08-08,673.260010,679.479980,672.400024,678.599976,678.599976,927500000
2019-08-09,682.530029,684.659973,679.280029,679.280029,679.280029,823300000
2019-08-12,682.859985,683.739990,673.530029,675.630005,675.630005,700100000
2019-08-13,676.250000,676.260010,663.950012,667.469971,667.469971,850300000
2019-08-14,674.900024,676.020020,669.940002,675.349976,675.349976,901900000
2019-08-15,662.929993,672.229980,660.099976,672.229980,672.229980,843900000
2019-08-16,671.190002,675.229980,668.429993,672.650024,672.650024,920200000
2019-08-19,678.679993,680.049988,673.630005,675.590027,675.590027,687300000
2019-08-20,679.729980,680.659973,676.489990,680.659973,680.659973,795500000
2019-08-21,679.780029,681.780029,673.669983,673.750000,673.750000,677700000
2019-08-22,674.900024,676.150024,669.539978,675.020020,675.020020,767400000
2019-08-23,675.179993,680.219971,669.830017,679.250000,679.250000,829900000
2019-08-26,667.619995,676.159973,661.710022,674.869995,674.869995,858000000
2019-08-27,679.809998,688.210022,675.070007,686.510010,686.510010,1338600000
2019-08-28,689.140015,692.179993,686.770020,689.020020,689.020020,854900000
2019-08-29,689.729980,692.890015,689.400024,691.429993,691.429993,689800000
2019-08-30,696.349976,703.140015,693.260010,702.590027,702.590027,806300000
2019-09-02,704.210022,705.020020,697.409973,698.739990,698.739990,1175000000
2019-09-03,700.809998,701.010010,692.169983,692.700012,692.700012,914300000
2019-09-04,692.489990,694.820007,689.400024,692.869995,692.869995,785900000
2019-09-05,694.369995,699.280029,692.020020,699.280029,699.280029,741500000
2019-09-06,702.150024,702.640015,694.179993,697.229980,697.229980,780100000
2019-09-09,701.630005,705.469971,699.039978,703.609985,703.609985,941700000
2019-09-10,706.059998,706.929993,701.049988,704.099976,704.099976,989600000
2019-09-11,704.900024,706.229980,699.719971,706.229980,706.229980,1037900000
2019-09-12,706.989990,707.960022,695.559998,695.760010,695.760010,770200000
2019-09-13,699.030029,699.619995,691.960022,693.679993,693.679993,634100000
2019-09-16,693.630005,700.229980,687.539978,700.229980,700.229980,720300000
2019-09-17,701.380005,701.820007,696.700012,697.919983,697.919983,579000000
2019-09-18,696.960022,700.260010,694.780029,700.179993,700.179993,658800000
2019-09-19,700.650024,701.409973,692.780029,693.630005,693.630005,589200000
2019-09-20,695.000000,695.940002,691.760010,695.030029,695.030029,983000000
2019-09-23,696.909973,697.530029,690.039978,691.750000,691.750000,592300000
2019-09-24,689.119995,690.280029,678.190002,681.169983,681.169983,747700000
2019-09-25,678.630005,682.450012,673.320007,682.450012,682.450012,588100000
2019-09-26,684.489990,692.090027,683.840027,691.460022,691.460022,613200000
2019-09-27,689.250000,690.880005,686.419983,688.169983,688.169983,477400000
2019-09-30,686.390015,687.760010,681.719971,685.919983,685.919983,600000000
2019-10-01,687.239990,687.500000,679.340027,679.849976,679.849976,480200000
2019-10-02,678.260010,682.619995,672.440002,672.440002,672.440002,502800000
2019-10-03,669.250000,673.809998,665.820007,671.820007,671.820007,493000000
2019-10-04,677.460022,678.419983,674.260010,676.650024,676.650024,406800000
2019-10-07,678.669983,679.049988,664.650024,665.590027,665.590027,447800000
2019-10-08,670.119995,674.130005,665.580017,669.419983,669.419983,609000000
2019-10-09,666.599976,669.289978,664.070007,664.130005,664.130005,594400000
2019-10-10,662.690002,665.929993,659.840027,660.640015,660.640015,673100000
2019-10-11,662.400024,672.849976,662.400024,672.710022,672.710022,510800000
2019-10-14,676.590027,679.909973,672.869995,676.880005,676.880005,504900000
2019-10-15,676.719971,680.140015,675.690002,679.440002,679.440002,513300000
2019-10-16,680.030029,683.380005,675.419983,679.500000,679.500000,665500000
2019-10-17,679.219971,683.250000,678.549988,683.250000,683.250000,556300000
2019-10-18,683.739990,685.000000,679.419983,681.659973,681.659973,1180400000
2019-10-21,683.989990,687.510010,680.359985,683.729980,683.729980,639700000
2019-10-22,684.530029,691.270020,682.219971,691.270020,691.270020,582700000
2019-10-23,690.650024,697.130005,687.919983,697.130005,697.130005,747800000
2019-10-24,699.710022,709.169983,697.599976,709.169983,709.169983,881900000
2019-10-25,708.500000,709.000000,691.250000,692.979980,692.979980,636800000
2019-10-28,693.710022,697.130005,691.549988,696.859985,696.859985,579100000
2019-10-29,695.460022,699.450012,694.200012,699.450012,699.450012,817700000
2019-10-30,703.460022,703.700012,694.979980,699.349976,699.349976,589400000
2019-10-31,699.090027,700.260010,684.380005,686.919983,686.919983,794300000
2019-11-01,685.599976,689.159973,682.799988,685.250000,685.250000,710300000
2019-11-04,687.070007,690.590027,681.190002,681.190002,681.190002,626300000
2019-11-05,684.070007,696.650024,683.590027,696.650024,696.650024,755400000
2019-11-06,697.010010,697.109985,690.030029,692.809998,692.809998,764200000
2019-11-07,696.200012,696.250000,679.369995,686.309998,686.309998,649600000
2019-11-08,684.280029,690.400024,681.130005,689.719971,689.719971,729000000
2019-11-11,687.440002,690.280029,684.250000,686.750000,686.750000,493000000
2019-11-12,684.669983,692.280029,683.409973,692.280029,692.280029,590200000
2019-11-13,691.500000,692.419983,683.549988,685.219971,685.219971,586000000
2019-11-14,683.090027,684.520020,672.380005,676.840027,676.840027,638800000
2019-11-15,679.030029,681.640015,674.340027,680.320007,680.320007,507300000
2019-11-18,679.280029,682.039978,675.539978,678.039978,678.039978,520100000
2019-11-19,678.869995,687.049988,678.109985,687.049988,687.049988,509300000
2019-11-20,684.520020,687.119995,682.010010,687.119995,687.119995,580300000
2019-11-21,683.510010,684.380005,679.010010,679.690002,679.690002,505700000
2019-11-22,680.150024,683.169983,677.619995,679.690002,679.690002,541800000
2019-11-25,680.729980,681.679993,672.799988,675.979980,675.979980,548400000
2019-11-26,679.770020,679.940002,666.169983,666.169983,666.169983,1794900000
2019-11-27,667.780029,673.640015,664.440002,667.469971,667.469971,619000000
2019-11-28,666.460022,673.549988,657.710022,660.080017,660.080017,641600000
2019-11-29,660.070007,671.250000,657.219971,667.440002,667.440002,542100000
2019-12-02,669.700012,680.530029,669.479980,680.530029,680.530029,609500000
2019-12-03,679.070007,682.830017,675.700012,679.900024,679.900024,590300000
2019-12-04,677.989990,680.409973,675.299988,678.070007,678.070007,648100000
2019-12-05,680.789978,686.940002,680.549988,686.609985,686.609985,841800000
2019-12-06,686.909973,692.890015,683.609985,692.890015,692.890015,639500000
2019-12-09,693.869995,694.820007,689.460022,691.729980,691.729980,821500000
2019-12-10,689.880005,694.020020,689.690002,690.619995,690.619995,656200000
2019-12-11,692.659973,694.200012,687.859985,688.890015,688.890015,594300000
2019-12-12,689.750000,690.770020,679.450012,679.450012,679.450012,720700000
2019-12-13,686.679993,692.599976,685.940002,692.599976,692.599976,819500000
2019-12-16,692.500000,698.080017,692.299988,693.460022,693.460022,884200000
2019-12-17,694.369995,697.969971,691.369995,697.969971,697.969971,763400000
2019-12-18,696.429993,697.559998,692.059998,697.559998,697.559998,746500000
2019-12-19,696.960022,697.669983,690.700012,692.549988,692.549988,650800000
2019-12-20,692.770020,703.150024,689.119995,703.150024,703.150024,799400000
2019-12-23,705.000000,705.489990,696.349976,702.460022,702.460022,504800000
2019-12-26,700.940002,705.359985,700.799988,703.780029,703.780029,421900000
2019-12-27,704.770020,706.229980,702.549988,704.700012,704.700012,472500000
2019-12-30,704.359985,705.780029,698.090027,698.090027,698.090027,490800000
2020-01-02,701.380005,702.940002,691.630005,694.390015,694.390015,412000000
2020-01-03,698.320007,699.450012,692.130005,699.450012,699.450012,635500000
2020-01-06,695.979980,696.950012,689.070007,690.059998,690.059998,702000000
2020-01-07,691.169983,693.780029,686.570007,692.539978,692.539978,734800000
2020-01-08,688.330017,688.950012,683.719971,685.010010,685.010010,755300000
2020-01-09,687.789978,691.380005,686.539978,691.380005,691.380005,605100000
2020-01-10,693.510010,694.320007,689.979980,690.739990,690.739990,550800000
2020-01-13,693.219971,695.380005,690.340027,694.020020,694.020020,614400000
2020-01-14,694.710022,696.510010,692.049988,696.510010,696.510010,735400000
2020-01-15,696.580017,698.080017,687.469971,693.080017,693.080017,892400000
2020-01-16,692.979980,694.469971,688.419983,694.469971,694.469971,704800000
2020-01-17,694.010010,695.890015,689.289978,692.510010,692.510010,530000000
2020-01-20,693.119995,694.179993,686.989990,687.900024,687.900024,685600000
2020-01-21,686.450012,690.020020,683.739990,687.820007,687.820007,503300000
2020-01-22,686.770020,689.130005,682.289978,683.109985,683.109985,608100000
2020-01-23,684.219971,687.549988,682.520020,686.859985,686.859985,434600000
2020-01-24,686.000000,688.210022,685.049988,686.309998,686.309998,383800000
2020-01-27,685.309998,685.460022,666.289978,668.500000,668.500000,505600000
2020-01-28,665.669983,666.119995,656.429993,665.719971,665.719971,613700000
2020-01-29,667.340027,671.260010,665.270020,666.940002,666.940002,440900000
2020-01-30,667.330017,668.469971,656.760010,657.830017,657.830017,504000000
2020-01-31,660.609985,660.950012,642.270020,642.799988,642.799988,824000000
2020-02-03,639.539978,643.380005,634.359985,636.109985,636.109985,599500000
2020-02-04,641.700012,643.650024,637.179993,639.640015,639.640015,691400000
2020-02-05,642.359985,647.510010,637.309998,647.510010,647.510010,701500000
2020-02-06,650.820007,651.179993,642.590027,644.280029,644.280029,579000000
2020-02-07,645.109985,646.929993,643.049988,644.539978,644.539978,511700000
2020-02-10,645.020020,645.369995,635.659973,637.690002,637.690002,503200000
2020-02-11,639.719971,641.229980,635.849976,637.359985,637.359985,438600000
2020-02-12,635.789978,636.359985,625.919983,627.789978,627.789978,589700000
2020-02-13,627.799988,628.630005,616.059998,617.419983,617.419983,573200000
2020-02-14,615.650024,623.289978,612.210022,619.840027,619.840027,512500000
2020-02-17,620.289978,622.359985,616.830017,618.809998,618.809998,406000000
2020-02-18,617.119995,628.380005,617.119995,623.969971,623.969971,586900000
2020-02-19,626.380005,629.409973,625.780029,629.409973,629.409973,579100000
2020-02-20,630.929993,635.359985,630.359985,633.780029,633.780029,528000000
2020-02-21,633.840027,635.010010,621.969971,624.169983,624.169983,609200000
2020-02-24,616.890015,622.950012,608.469971,614.719971,614.719971,576600000
2020-02-25,608.330017,616.190002,603.739990,609.580017,609.580017,600800000
2020-02-26,603.000000,604.320007,593.090027,593.599976,593.599976,722900000
2020-02-27,593.590027,595.590027,576.789978,579.719971,579.719971,771200000
2020-02-28,566.820007,568.539978,547.979980,565.010010,565.010010,1163800000
2020-03-02,568.070007,579.400024,560.929993,562.010010,562.010010,793900000
2020-03-03,573.950012,587.340027,572.419983,583.010010,583.010010,894600000
2020-03-04,583.400024,605.250000,581.229980,604.520020,604.520020,929900000
2020-03-05,608.929993,612.750000,599.219971,603.400024,603.400024,701900000
2020-03-06,594.859985,595.539978,585.419983,587.460022,587.460022,571300000
2020-03-09,563.010010,566.520020,539.179993,541.400024,541.400024,953000000
2020-03-10,541.739990,560.099976,541.729980,549.479980,549.479980,886600000
2020-03-11,549.719971,553.609985,536.159973,542.299988,542.299988,889900000
2020-03-12,527.760010,529.530029,512.080017,512.960022,512.960022,888000000
2020-03-13,512.960022,521.770020,478.320007,514.150024,514.150024,1253200000
2020-03-16,514.150024,514.150024,481.510010,483.070007,483.070007,678800000
2020-03-17,483.070007,483.070007,451.329987,452.130005,452.130005,764600000
2020-03-18,452.130005,456.549988,428.190002,434.489990,434.489990,912600000
2020-03-19,434.489990,434.489990,404.920013,406.510010,406.510010,486600000
2020-03-20,406.510010,437.209991,381.630005,431.170013,431.170013,1825800000
2020-03-23,431.170013,431.170013,402.339996,402.570007,402.570007,717700000
2020-03-24,402.570007,418.459991,390.170013,393.859985,393.859985,1376300000
2020-03-26,393.859985,450.250000,391.059998,444.320007,444.320007,2534800000
2020-03-27,444.320007,491.010010,444.320007,467.459991,467.459991,2329100000
2020-03-30,467.459991,467.459991,436.200012,449.850006,449.850006,772100000
2020-03-31,449.850006,480.529999,449.850006,476.390015,476.390015,1271400000
2020-04-01,476.390015,489.899994,463.260010,467.799988,467.799988,1208200000
2020-04-02,467.799988,482.420013,455.730011,482.420013,482.420013,1014200000
2020-04-03,482.420013,495.260010,482.420013,494.559998,494.559998,1303400000
2020-04-06,494.559998,516.530029,494.559998,516.530029,516.530029,1724500000
2020-04-07,516.530029,533.960022,504.820007,510.980011,510.980011,2034200000
2020-04-08,510.980011,511.209991,483.880005,490.890015,490.890015,1118300000
2020-04-09,490.890015,498.730011,479.859985,498.019989,498.019989,1252500000
2020-04-13,498.019989,501.500000,490.809998,495.790009,495.790009,820100000
2020-04-14,495.790009,508.279999,495.790009,508.279999,508.279999,1257100000
2020-04-15,508.279999,511.980011,493.660004,496.420013,496.420013,1371500000
2020-04-16,496.420013,496.450012,475.609985,476.299988,476.299988,1129300000
2020-04-17,476.299988,498.480011,476.299988,497.010010,497.010010,1275200000
2020-04-20,497.010010,500.910004,489.119995,489.119995,489.119995,928200000
2020-04-21,489.119995,489.359985,477.980011,481.260010,481.260010,915000000
2020-04-22,481.260010,502.160004,473.420013,497.510010,497.510010,1379400000
2020-04-23,497.510010,512.000000,497.510010,505.320007,505.320007,1293600000
2020-04-24,505.320007,509.510010,498.040009,498.040009,498.040009,1017600000
2020-04-27,498.040009,506.100006,497.730011,502.269989,502.269989,784600000
2020-04-28,502.269989,515.679993,502.109985,514.419983,514.419983,915300000
2020-04-29,514.419983,527.210022,512.700012,526.369995,526.369995,945500000
2020-04-30,526.369995,546.460022,526.369995,542.500000,542.500000,1551500000
2020-05-04,542.500000,542.500000,519.039978,519.770020,519.770020,1058900000
2020-05-05,519.770020,531.010010,519.770020,523.820007,523.820007,899300000
2020-05-06,523.820007,525.380005,514.250000,516.359985,516.359985,1077600000
2020-05-08,516.359985,522.369995,514.719971,516.909973,516.909973,1524600000
2020-05-11,516.909973,527.739990,516.909973,519.969971,519.969971,1419500000
2020-05-12,519.969971,522.989990,511.489990,515.140015,515.140015,1124700000
2020-05-13,515.140015,515.140015,503.600006,509.350006,509.350006,986400000
2020-05-14,509.350006,511.059998,500.200012,503.170013,503.170013,1276500000
2020-05-15,503.170013,510.649994,500.200012,509.290009,509.290009,1123300000
2020-05-18,509.290009,513.989990,505.059998,513.549988,513.549988,920600000
2020-05-19,513.549988,523.789978,513.549988,516.700012,516.700012,1054000000
2020-05-20,516.700012,518.320007,508.279999,510.720001,510.720001,712000000
2020-05-26,510.720001,524.359985,507.899994,521.989990,521.989990,1195000000
2020-05-27,521.989990,522.429993,515.270020,520.330017,520.330017,1454100000
2020-05-28,520.330017,529.190002,517.630005,522.859985,522.859985,1917100000
2020-05-29,522.859985,530.359985,520.750000,528.969971,528.969971,3066900000
2020-06-02,528.969971,547.979980,528.609985,543.190002,543.190002,1870000000
2020-06-03,543.190002,555.669983,543.190002,553.830017,553.830017,2633700000
2020-06-04,553.830017,561.440002,548.080017,550.380005,550.380005,2440000000
2020-06-05,550.380005,552.960022,541.340027,551.239990,551.239990,1896300000
2020-06-08,551.239990,564.429993,551.239990,557.830017,557.830017,2114500000
2020-06-09,557.830017,567.729980,552.450012,552.450012,552.450012,1966700000
2020-06-10,552.450012,555.049988,537.840027,539.940002,539.940002,1891100000
2020-06-11,539.940002,544.320007,528.559998,535.010010,535.010010,1390400000
2020-06-12,535.010010,535.320007,515.500000,534.400024,534.400024,1645300000
2020-06-15,534.400024,542.030029,530.080017,533.159973,533.159973,1378100000
2020-06-16,533.159973,552.960022,533.159973,551.770020,551.770020,1613900000
2020-06-17,551.770020,555.770020,549.219971,554.099976,554.099976,1421300000
2020-06-18,554.099976,555.229980,543.830017,543.830017,543.830017,1415700000
2020-06-19,543.830017,551.190002,543.830017,547.659973,547.659973,1251900000
2020-06-22,547.659973,549.609985,543.340027,546.010010,546.010010,1064700000
2020-06-23,546.010010,546.780029,537.349976,538.619995,538.619995,1160400000
2020-06-24,538.619995,547.090027,538.619995,545.369995,545.369995,1266800000
2020-06-25,545.369995,545.369995,534.320007,535.960022,535.960022,839000000
2020-06-26,535.960022,542.679993,535.960022,538.650024,538.650024,987000000
2020-06-29,538.650024,540.710022,532.520020,538.130005,538.130005,908100000
2020-06-30,538.130005,540.960022,533.799988,533.799988,533.799988,1217300000
2020-07-01,533.799988,536.510010,528.450012,532.039978,532.039978,883700000
2020-07-02,532.039978,544.000000,531.799988,544.000000,544.000000,1481600000
2020-07-03,544.000000,548.250000,542.789978,543.770020,543.770020,1298800000
2020-07-06,543.770020,548.940002,543.770020,545.890015,545.890015,1249500000
2020-07-07,545.890015,548.900024,544.859985,546.429993,546.429993,1326200000
2020-07-08,546.429993,554.369995,545.659973,554.010010,554.010010,1262500000
2020-07-09,554.010010,558.719971,549.669983,549.669983,549.669983,1437300000
2020-07-10,549.669983,551.739990,544.349976,544.500000,544.500000,849000000
2020-07-13,544.500000,552.359985,544.500000,551.380005,551.380005,1026900000
2020-07-14,551.380005,555.940002,551.039978,555.650024,555.650024,1003900000
2020-07-15,555.650024,561.900024,555.650024,556.750000,556.750000,1078400000
2020-07-16,556.750000,562.450012,556.750000,559.030029,559.030029,840500000
2020-07-17,559.030029,561.070007,555.739990,557.049988,557.049988,838200000
2020-07-20,557.049988,560.109985,550.469971,553.400024,553.400024,768200000
2020-07-21,553.400024,563.179993,552.820007,558.340027,558.340027,1524400000
2020-07-22,558.340027,563.669983,556.909973,558.409973,558.409973,1674000000
2020-07-23,558.409973,563.690002,558.239990,560.950012,560.950012,1695300000
2020-07-24,560.950012,561.809998,552.849976,553.270020,553.270020,1207500000
2020-07-27,553.270020,555.940002,549.950012,553.690002,553.690002,1080100000
2020-07-28,553.690002,555.570007,548.280029,551.309998,551.309998,1043900000
2020-07-29,551.309998,552.179993,547.349976,549.900024,549.900024,995000000
2020-07-30,549.900024,555.630005,548.669983,555.630005,555.630005,1644400000
2020-08-03,555.630005,558.090027,526.820007,539.250000,539.250000,1790200000
2020-08-04,539.250000,548.539978,539.250000,547.840027,547.840027,1328500000
2020-08-05,547.840027,559.250000,546.729980,558.539978,558.539978,1720000000
2020-08-06,558.539978,564.869995,558.539978,564.390015,564.390015,1841300000
2020-08-07,564.390015,566.679993,557.080017,560.630005,560.630005,1393400000
2020-08-10,560.630005,563.090027,557.979980,559.929993,559.929993,986700000
2020-08-11,559.929993,564.580017,559.820007,560.340027,560.340027,1430500000
2020-08-12,560.340027,561.969971,556.869995,561.969971,561.969971,1968600000
2020-08-13,561.969971,567.859985,561.739990,564.940002,564.940002,1190200000
2020-08-14,564.940002,566.750000,563.489990,564.919983,564.919983,1428600000
2020-08-18,564.919983,570.919983,564.109985,569.190002,569.190002,1800600000
2020-08-19,569.190002,571.340027,564.219971,564.400024,564.400024,1492600000
2020-08-24,564.400024,567.260010,561.840027,562.890015,562.890015,1080400000
2020-08-25,562.890015,568.510010,562.890015,567.280029,567.280029,1199300000
2020-08-26,567.280029,571.929993,566.840027,567.070007,567.070007,1059800000
2020-08-27,567.070007,569.190002,564.549988,567.780029,567.780029,1012900000
2020-08-28,567.780029,569.239990,564.580017,567.049988,567.049988,1388700000
2020-08-31,567.049988,569.780029,554.580017,556.669983,556.669983,1950700000
2020-09-01,556.669983,562.989990,554.580017,562.989990,562.989990,1113200000
2020-09-02,562.989990,567.809998,561.510010,563.299988,563.299988,1215100000
2020-09-03,563.299988,564.900024,554.539978,558.000000,558.000000,1014000000
2020-09-04,558.000000,558.000000,547.549988,554.239990,554.239990,1004600000
2020-09-07,553.989990,558.130005,550.690002,556.960022,556.960022,938600000
2020-09-08,556.880005,559.049988,554.799988,556.090027,556.090027,915800000
2020-09-09,551.219971,552.159973,542.739990,542.989990,542.989990,1290400000
2020-09-10,532.869995,532.869995,512.900024,515.770020,515.770020,1715100000
2020-09-11,501.079987,533.239990,498.149994,533.239990,533.239990,1838300000
2020-09-14,540.080017,547.489990,538.169983,547.489990,547.489990,1250700000
2020-09-15,549.599976,551.039978,539.549988,541.049988,541.049988,1096600000
2020-09-16,540.880005,542.559998,534.640015,536.500000,536.500000,735000000
2020-09-17,537.030029,539.739990,531.429993,534.729980,534.729980,758600000
2020-09-18,535.909973,539.109985,532.729980,539.109985,539.109985,935300000
2020-09-21,539.080017,539.409973,526.830017,529.039978,529.039978,805700000
2020-09-22,521.830017,527.719971,518.349976,523.909973,523.909973,845700000
2020-09-23,525.640015,528.950012,518.130005,524.270020,524.270020,840700000
2020-09-24,518.500000,519.210022,510.239990,514.349976,514.349976,862900000
2020-09-25,516.719971,524.729980,513.489990,523.849976,523.849976,1005300000
2020-09-28,525.789978,528.500000,520.760010,521.109985,521.109985,893000000
2020-09-29,524.080017,526.409973,516.190002,517.570007,517.570007,860200000
2020-09-30,519.130005,521.549988,514.179993,518.900024,518.900024,1263500000
2020-10-01,522.500000,531.780029,522.380005,531.780029,531.780029,1048600000
2020-10-02,531.409973,532.250000,521.380005,527.500000,527.500000,1243900000
2020-10-05,529.900024,531.969971,525.630005,528.239990,528.239990,637000000
2020-10-06,533.330017,535.929993,530.169983,530.729980,530.729980,1093800000
2020-10-07,529.679993,532.049988,526.609985,530.690002,530.690002,874000000
2020-10-08,532.299988,537.109985,530.359985,537.109985,537.109985,1113500000
2020-10-09,536.950012,538.510010,534.640015,537.359985,537.359985,1032000000
2020-10-12,541.070007,541.859985,536.929993,538.130005,538.130005,1116400000
2020-10-13,538.049988,541.530029,533.080017,541.400024,541.400024,1205400000
2020-10-14,541.119995,549.979980,539.760010,548.390015,548.390015,2459200000
2020-10-15,548.929993,551.099976,540.869995,541.640015,541.640015,2665700000
2020-10-16,542.140015,544.400024,537.510010,544.400024,544.400024,1488700000
2020-10-19,547.750000,549.109985,543.510010,545.950012,545.950012,2244000000
2020-10-20,546.070007,549.780029,544.400024,547.289978,547.289978,1637200000
2020-10-21,549.119995,551.409973,547.590027,548.460022,548.460022,2149000000
2020-10-22,547.219971,549.989990,545.760010,549.989990,549.989990,1858200000
2020-10-23,551.710022,553.520020,547.969971,550.869995,550.869995,1592200000
2020-10-26,551.369995,552.510010,548.590027,550.500000,550.500000,1329700000
2020-10-27,547.809998,550.690002,543.919983,545.659973,545.659973,1275600000
2020-11-02,542.559998,544.159973,536.309998,540.159973,540.159973,1826900000
2020-11-03,544.059998,546.190002,542.640015,546.000000,546.000000,1156700000
2020-11-04,547.979980,550.969971,540.719971,540.719971,540.719971,1270700000
2020-11-05,549.150024,559.539978,548.530029,559.070007,559.070007,1656900000
2020-11-06,562.030029,571.849976,558.359985,571.000000,571.000000,1559000000
2020-11-09,574.309998,577.039978,566.580017,570.030029,570.030029,2204400000
2020-11-10,578.640015,580.380005,573.320007,576.400024,576.400024,2796700000
2020-11-11,581.440002,589.159973,579.169983,586.940002,586.940002,2918100000
2020-11-12,585.940002,587.659973,581.799988,585.989990,585.989990,1222700000
2020-11-13,583.340027,583.820007,579.400024,581.719971,581.719971,1110200000
2020-11-16,586.700012,590.039978,584.789978,587.570007,587.570007,1578700000
2020-11-17,590.030029,597.169983,589.590027,593.679993,593.679993,2318700000
2020-11-18,594.349976,599.969971,594.349976,595.219971,595.219971,2480300000
2020-11-19,593.799988,596.929993,591.890015,594.309998,594.309998,1754400000
2020-11-20,596.510010,600.109985,592.590027,593.679993,593.679993,1699100000
2020-11-23,596.900024,608.059998,596.900024,607.989990,607.989990,2151400000
2020-11-24,612.510010,614.409973,608.989990,611.559998,611.559998,2191500000
2020-11-25,615.380005,618.169983,604.580017,604.859985,604.859985,2261000000
2020-11-26,605.989990,619.109985,605.739990,619.109985,619.109985,1834200000
2020-11-27,620.780029,623.219971,614.750000,620.070007,620.070007,1942800000
2020-11-30,620.270020,621.830017,591.020020,597.799988,597.799988,5328100000
2020-12-01,600.919983,608.229980,592.630005,607.340027,607.340027,2184700000
2020-12-02,610.609985,620.320007,607.400024,620.020020,620.020020,2619300000
2020-12-03,622.109985,625.219971,614.440002,616.289978,616.289978,2161000000
2020-12-04,616.530029,617.510010,611.210022,615.809998,615.809998,1567800000
2020-12-07,621.130005,634.260010,621.130005,631.780029,631.780029,2032400000
2020-12-08,634.880005,636.760010,629.020020,631.119995,631.119995,2829300000
2020-12-10,633.479980,637.460022,625.190002,628.590027,628.590027,2877800000
2020-12-11,632.599976,635.289978,627.729980,628.330017,628.330017,1745200000
2020-12-14,632.099976,639.169983,631.390015,638.979980,638.979980,2161500000
2020-12-15,641.840027,641.840027,641.840027,641.840027,641.840027,0
2020-12-16,646.390015,660.979980,646.390015,658.539978,658.539978,4124500000
2020-12-17,660.250000,662.989990,646.919983,650.340027,650.340027,3048500000
2020-12-18,650.179993,654.979980,647.099976,650.070007,650.070007,3253800000
2020-12-21,653.049988,664.760010,650.869995,661.830017,661.830017,2748800000
2020-12-22,660.659973,661.460022,636.820007,638.299988,638.299988,2730100000
2020-12-23,642.030029,647.710022,616.419983,635.359985,635.359985,2444800000
2020-12-28,643.340027,650.010010,630.669983,649.369995,649.369995,2388800000
2020-12-29,654.460022,657.770020,639.159973,640.080017,640.080017,2103200000
2020-12-30,642.130005,644.000000,628.409973,630.419983,630.419983,1836500000
2021-01-04,633.950012,646.429993,623.039978,646.289978,646.289978,2835400000
2021-01-05,645.390015,650.070007,640.650024,648.950012,648.950012,2953400000
2021-01-06,650.210022,652.760010,627.219971,638.830017,638.830017,2248700000
2021-01-07,641.369995,654.679993,640.590027,652.010010,652.010010,3378400000
2021-01-08,658.840027,670.770020,658.820007,667.049988,667.049988,3226100000
2021-01-11,667.750000,672.030029,664.750000,671.150024,671.150024,2827100000
2021-01-12,665.369995,665.369995,665.369995,665.369995,665.369995,0
2021-01-13,672.659973,674.659973,661.309998,668.280029,668.280029,3086100000
2021-01-14,670.289978,678.239990,667.090027,671.590027,671.590027,4145700000
2021-01-15,674.890015,678.239990,664.900024,667.739990,667.739990,2884400000
2021-01-18,666.570007,673.669983,659.520020,668.849976,668.849976,3065700000
2021-01-19,657.940002,657.940002,657.940002,657.940002,657.940002,0
2021-01-20,657.969971,673.059998,652.359985,670.820007,670.820007,3245600000
2021-01-21,675.659973,679.719971,667.340027,668.710022,668.710022,2590900000
2021-01-22,667.340027,668.739990,648.869995,650.969971,650.969971,2414900000
2021-01-25,649.250000,651.179993,627.270020,646.299988,646.299988,2551100000
2021-01-26,647.369995,651.159973,632.590027,636.549988,636.549988,2400800000
2021-01-27,640.210022,640.469971,620.150024,631.929993,631.929993,3102000000
2021-01-28,624.130005,631.200012,610.609985,613.309998,613.309998,2463200000
2021-01-29,617.619995,624.380005,598.590027,601.750000,601.750000,2352400000
2021-02-01,602.020020,635.340027,590.510010,632.520020,632.520020,4124700000
2021-02-02,632.409973,632.409973,632.409973,632.409973,632.409973,0
2021-02-03,634.590027,639.640015,626.619995,630.179993,630.179993,2390600000
2021-02-04,634.140015,644.799988,631.590027,635.880005,635.880005,2128200000
2021-02-05,639.960022,643.429993,632.789978,642.289978,642.289978,2189900000
2021-02-08,646.450012,650.619995,644.549988,646.530029,646.530029,2069000000
2021-02-09,649.070007,651.690002,633.010010,636.789978,636.789978,2230800000
2021-02-10,638.580017,640.840027,632.710022,637.599976,637.599976,2402600000
2021-02-11,639.849976,641.150024,635.570007,641.150024,641.150024,1456600000
2021-02-15,646.609985,646.609985,646.609985,646.609985,646.609985,0
2021-02-16,648.590027,649.729980,643.380005,644.349976,644.349976,1354400000
2021-02-17,645.099976,645.570007,631.190002,633.590027,633.590027,1666300000
2021-02-18,635.280029,638.940002,626.979980,626.979980,626.979980,1434400000
2021-02-19,627.099976,630.130005,623.130005,628.669983,628.669983,1502800000
2021-02-22,629.510010,629.510010,629.510010,629.510010,629.510010,0
2021-02-23,638.000000,638.000000,638.000000,638.000000,638.000000,0
2021-02-24,640.400024,642.799988,628.460022,629.729980,629.729980,1630700000
2021-02-25,634.510010,634.510010,634.510010,634.510010,634.510010,0
2021-02-26,624.830017,631.450012,619.090027,631.450012,631.450012,3259300000
2021-03-01,634.750000,635.489990,626.460022,631.169983,631.169983,1625500000
2021-03-02,634.020020,635.390015,629.590027,633.799988,633.799988,1641800000
2021-03-03,631.940002,631.940002,631.940002,631.940002,631.940002,0
2021-03-04,618.359985,618.359985,618.359985,618.359985,618.359985,0
2021-03-05,611.979980,615.830017,607.570007,608.799988,608.799988,1835300000
2021-03-08,614.469971,617.520020,607.580017,609.440002,609.440002,1381700000
2021-03-09,602.659973,602.659973,602.659973,602.659973,602.659973,0
2021-03-10,606.729980,612.159973,603.219971,610.919983,610.919983,1048900000
2021-03-12,616.340027,626.479980,615.969971,624.830017,624.830017,1675900000
2021-03-15,626.299988,628.429993,617.219971,617.219971,617.219971,1197800000
2021-03-16,619.119995,620.549988,613.530029,615.900024,615.900024,983200000
2021-03-17,617.789978,618.530029,614.510010,614.989990,614.989990,891300000
2021-03-18,620.049988,624.320007,619.669983,623.150024,623.150024,1086700000
2021-03-19,621.030029,626.830017,618.119995,626.830017,626.830017,1529800000
2021-03-22,627.469971,628.570007,622.039978,622.380005,622.380005,936000000
2021-03-23,624.830017,627.659973,617.260010,618.729980,618.729980,898000000
2021-03-24,614.780029,616.989990,607.140015,608.719971,608.719971,937000000
2021-03-25,609.739990,614.909973,601.320007,610.570007,610.570007,1036500000
2021-03-26,613.659973,620.250000,609.119995,619.030029,619.030029,1432600000
2021-03-29,619.799988,626.650024,617.510010,618.969971,618.969971,1229600000
2021-03-30,618.659973,619.719971,607.250000,610.429993,610.429993,1073600000
2021-03-31,610.239990,610.580017,593.809998,605.690002,605.690002,1513900000
2021-04-01,605.419983,608.830017,601.539978,606.440002,606.440002,913700000
2021-04-05,611.010010,611.809998,602.169983,602.169983,602.169983,690800000
2021-04-06,604.690002,607.190002,600.890015,606.099976,606.099976,999900000
2021-04-07,608.169983,610.349976,604.549988,608.799988,608.799988,920300000
2021-04-08,608.750000,612.530029,608.070007,612.330017,612.330017,1273800000
2021-04-09,613.099976,614.229980,604.039978,604.039978,604.039978,977000000
2021-04-12,603.780029,605.250000,587.799988,588.940002,588.940002,1143900000
2021-04-13,589.890015,590.479980,581.359985,587.909973,587.909973,1105700000
2021-04-14,590.070007,596.950012,589.280029,596.950012,596.950012,1277500000
2021-04-15,596.799988,599.419983,592.919983,599.419983,599.419983,1004500000
2021-04-16,600.479980,600.840027,595.669983,600.400024,600.400024,1378500000
2021-04-19,600.229980,601.049988,592.500000,594.270020,594.270020,924800000
2021-04-20,593.359985,594.729980,589.669983,593.780029,593.780029,833700000
2021-04-21,590.219971,592.729980,588.679993,589.000000,589.000000,903700000
2021-04-22,590.859985,592.979980,585.679993,587.369995,587.369995,786200000
2021-04-23,587.900024,589.210022,584.739990,587.650024,587.650024,702800000
2021-04-26,588.119995,590.020020,582.039978,584.080017,584.080017,967700000
2021-04-27,585.760010,586.530029,575.039978,577.500000,577.500000,991400000
2021-04-28,578.400024,582.229980,576.460022,582.229980,582.229980,958600000
2021-04-29,584.580017,585.989990,582.489990,585.099976,585.099976,1209000000
2021-04-30,588.450012,589.780029,582.390015,585.429993,585.429993,950400000
2021-05-03,585.169983,585.859985,576.739990,577.979980,577.979980,868400000
2021-05-04,578.989990,580.270020,575.659973,579.489990,579.489990,976900000
2021-05-05,579.340027,582.229980,578.169983,579.270020,579.270020,930400000
2021-05-06,579.479980,582.469971,571.109985,573.510010,573.510010,918700000
2021-05-07,575.450012,577.229980,568.909973,570.270020,570.270020,921300000
2021-05-10,573.250000,579.440002,571.849976,577.109985,577.109985,929700000
2021-05-11,574.890015,575.630005,570.419983,572.520020,572.520020,867600000
2021-05-17,574.770020,575.659973,556.179993,557.859985,557.859985,1284500000
2021-05-18,559.340027,562.729980,552.950012,558.780029,558.780029,914900000
2021-05-19,556.950012,558.020020,546.010010,548.210022,548.210022,750600000
2021-05-20,547.979980,556.919983,546.909973,556.450012,556.450012,1300600000
2021-05-21,559.330017,561.080017,547.849976,550.609985,550.609985,987200000
2021-05-24,552.989990,554.210022,541.609985,543.909973,543.909973,1000600000
2021-05-25,546.419983,551.260010,543.330017,546.840027,546.840027,1286400000
2021-05-27,550.400024,558.340027,550.030029,555.159973,555.159973,2616100000
2021-05-28,558.340027,560.190002,548.450012,554.090027,554.090027,1016600000
2021-05-31,556.130005,567.619995,554.169983,567.619995,567.619995,1259500000
2021-06-02,573.929993,577.510010,570.099976,577.510010,577.510010,1738900000
2021-06-03,576.280029,583.539978,572.039978,583.539978,583.539978,1158800000
2021-06-04,582.409973,582.440002,573.140015,575.020020,575.020020,967900000
2021-06-07,577.580017,579.000000,573.580017,575.159973,575.159973,957600000
2021-06-08,573.989990,574.940002,563.669983,565.539978,565.539978,1043500000
2021-06-09,561.150024,564.710022,558.099976,564.059998,564.059998,998100000
2021-06-10,564.739990,566.929993,561.940002,564.789978,564.789978,1330200000
2021-06-11,567.010010,568.750000,563.070007,566.469971,566.469971,2056200000
2021-06-14,566.710022,567.369995,559.039978,559.890015,559.890015,1180700000
2021-06-15,559.770020,565.969971,556.840027,565.969971,565.969971,1228500000
2021-06-16,563.619995,569.049988,562.039978,565.820007,565.820007,1235200000
2021-06-17,562.640015,566.630005,559.309998,559.309998,559.309998,1113300000
2021-06-18,559.020020,560.150024,544.080017,548.520020,548.520020,1912700000
2021-06-21,538.390015,555.789978,530.960022,550.659973,550.659973,1601400000
2021-06-22,552.890015,561.030029,551.849976,556.380005,556.380005,1242200000
2021-06-23,558.669983,561.270020,553.650024,553.650024,553.650024,896600000
2021-06-24,553.520020,555.539978,547.659973,548.090027,548.090027,810400000
2021-06-25,550.729980,554.440002,549.750000,550.729980,550.729980,925500000
2021-06-28,552.380005,552.960022,540.760010,540.760010,540.760010,858100000
2021-06-29,542.729980,550.140015,542.099976,543.340027,543.340027,1015900000
2021-06-30,544.460022,547.609985,542.940002,544.299988,544.299988,1050700000
2021-07-01,547.000000,551.929993,542.609985,549.010010,549.010010,893600000
2021-07-02,549.909973,552.169983,547.010010,547.520020,547.520020,823700000
2021-07-05,548.830017,549.479980,538.070007,539.429993,539.429993,752600000
2021-07-06,541.440002,550.080017,540.979980,549.419983,549.419983,1476600000
2021-07-07,549.409973,550.469971,545.320007,548.809998,548.809998,940700000
2021-07-08,550.659973,552.349976,542.510010,543.799988,543.799988,1031500000
2021-07-09,544.299988,550.849976,542.150024,549.969971,549.969971,913200000
2021-07-12,553.039978,556.830017,552.080017,553.219971,553.219971,925100000
2021-07-13,556.690002,557.890015,546.219971,546.710022,546.710022,982800000
2021-07-14,546.330017,547.299988,539.500000,544.190002,544.190002,951000000
2021-07-15,544.599976,549.090027,543.900024,547.739990,547.739990,832700000
2021-07-16,549.320007,551.890015,547.419983,550.789978,550.789978,888500000
2021-07-19,549.539978,550.969971,545.549988,546.669983,546.669983,768600000
2021-07-21,546.609985,549.280029,543.330017,545.280029,545.280029,1120700000
2021-07-22,546.890015,552.679993,546.890015,552.239990,552.239990,1174800000
2021-07-23,552.710022,553.309998,540.469971,541.750000,541.750000,998800000
2021-07-26,542.500000,545.789978,539.890015,540.429993,540.429993,937600000
2021-07-27,542.820007,545.320007,532.989990,538.359985,538.359985,1018800000
2021-07-28,538.409973,539.919983,531.820007,533.739990,533.739990,1017400000
2021-07-29,535.859985,539.340027,533.780029,537.869995,537.869995,1253200000
2021-07-30,539.679993,542.929993,532.789978,532.789978,532.789978,1550700000
2021-08-02,535.179993,541.140015,531.500000,540.809998,540.809998,1246700000
2021-08-03,541.309998,544.530029,539.750000,540.940002,540.940002,1080700000
2021-08-04,541.859985,544.450012,538.580017,543.539978,543.539978,883500000
2021-08-05,544.429993,545.109985,539.440002,541.739990,541.739990,1155700000
2021-08-06,544.570007,547.460022,540.369995,541.130005,541.130005,808600000
2021-08-09,540.130005,541.469971,527.609985,530.450012,530.450012,937200000
2021-08-10,530.830017,531.539978,523.780029,527.500000,527.500000,966300000
2021-08-12,531.900024,539.830017,528.890015,539.830017,539.830017,1426500000
2021-08-13,541.750000,543.520020,536.130005,540.130005,540.130005,850400000
2021-08-16,540.900024,541.539978,532.780029,536.489990,536.489990,896900000
2021-08-18,537.460022,544.369995,536.429993,542.809998,542.809998,1309800000
2021-08-19,542.119995,542.690002,528.119995,530.190002,530.190002,1174500000
2021-08-20,528.799988,533.270020,525.440002,531.549988,531.549988,930400000
2021-08-23,534.320007,537.750000,534.320007,537.750000,537.750000,1082100000
2021-08-24,539.049988,540.919983,529.090027,535.159973,535.159973,1018500000
2021-08-25,536.460022,537.500000,532.919983,536.229980,536.229980,871200000
2021-08-26,535.780029,537.070007,528.710022,531.719971,531.719971,776500000
2021-08-27,531.309998,531.599976,526.890015,528.909973,528.909973,757200000
2021-08-30,531.770020,542.859985,531.770020,542.859985,542.859985,1056300000
2021-08-31,544.770020,545.820007,538.849976,540.669983,540.669983,1133800000
2021-09-01,542.909973,543.909973,536.650024,536.859985,536.859985,917000000
2021-09-02,538.020020,538.919983,535.669983,538.570007,538.570007,709000000
2021-09-03,539.760010,543.770020,537.159973,543.770020,543.770020,991200000
2021-09-06,544.890015,546.570007,542.030029,545.070007,545.070007,1448600000
2021-09-07,544.950012,545.700012,538.359985,539.349976,539.349976,953400000
2021-09-08,539.440002,539.559998,526.650024,530.320007,530.320007,1071800000
2021-09-09,531.159973,539.049988,528.179993,539.049988,539.049988,1087700000
2021-09-10,539.909973,542.489990,536.039978,540.479980,540.479980,1140900000
2021-09-13,538.700012,539.530029,533.760010,538.429993,538.429993,651600000
2021-09-14,539.630005,543.840027,539.140015,543.630005,543.630005,1503700000
2021-09-15,542.469971,544.179993,540.130005,542.390015,542.390015,1223200000
2021-09-16,544.159973,545.849976,538.400024,541.140015,541.140015,1042900000
2021-09-17,538.200012,542.039978,535.510010,542.039978,542.039978,1304400000
2021-09-20,541.169983,541.200012,531.530029,533.260010,533.260010,1112300000
2021-09-21,530.919983,536.729980,526.159973,535.049988,535.049988,1116800000
2021-09-22,536.239990,542.039978,535.950012,541.330017,541.330017,936000000
2021-09-23,543.890015,544.929993,539.849976,540.489990,540.489990,1184900000
2021-09-24,541.929993,543.330017,537.390015,540.260010,540.260010,1343500000
2021-09-27,540.520020,542.169983,534.640015,537.179993,537.179993,1016000000
2021-09-28,538.770020,539.919983,536.549988,538.400024,538.400024,1383600000
2021-09-29,534.869995,543.580017,533.869995,543.580017,543.580017,1343700000
2021-09-30,544.840027,552.539978,543.849976,552.530029,552.530029,1392200000
2021-10-01,551.169983,552.059998,542.950012,546.039978,546.039978,1846100000
2021-10-04,546.640015,559.789978,546.640015,559.789978,559.789978,2058900000
2021-10-05,560.469971,563.440002,552.130005,553.880005,553.880005,2593700000
2021-10-06,558.950012,565.409973,555.549988,562.950012,562.950012,2213800000
2021-10-07,560.179993,570.270020,559.880005,563.890015,563.890015,2199200000
2021-10-08,566.099976,572.700012,565.419983,570.590027,570.590027,1574800000
2021-10-11,572.090027,574.450012,568.729980,571.799988,571.799988,1685200000
2021-10-12,571.200012,575.729980,569.070007,572.130005,572.130005,2326500000
2021-10-13,571.530029,574.010010,569.869995,573.700012,573.700012,1514900000
2021-10-14,575.330017,585.489990,575.299988,585.049988,585.049988,1645700000
2021-10-15,587.919983,590.859985,579.969971,583.700012,583.700012,1441000000
2021-10-18,586.099976,590.580017,584.020020,586.239990,586.239990,1842300000
2021-10-19,586.349976,588.609985,579.809998,583.840027,583.840027,1349400000
2021-10-21,586.250000,588.119995,576.729980,580.770020,580.770020,2046000000
2021-10-22,577.200012,579.039978,571.219971,577.250000,577.250000,1374900000
2021-10-25,577.880005,580.039978,573.210022,573.210022,573.210022,1048200000
2021-10-26,576.059998,580.599976,573.450012,574.409973,574.409973,1224500000
2021-10-27,576.270020,576.739990,571.380005,573.130005,573.130005,1149000000
2021-10-28,573.419983,573.419983,559.190002,561.280029,561.280029,1568800000
2021-10-29,563.099976,569.030029,561.299988,567.929993,567.929993,1196900000
2021-11-01,569.429993,570.909973,562.739990,562.739990,562.739990,1090600000
2021-11-02,563.419983,565.130005,555.030029,557.159973,557.159973,1042200000
2021-11-03,557.070007,562.979980,555.369995,562.190002,562.190002,861800000
2021-11-04,566.440002,569.599976,564.190002,565.830017,565.830017,1115700000
2021-11-05,565.820007,566.969971,560.960022,565.419983,565.419983,879500000
2021-11-08,567.330017,568.619995,564.429993,566.989990,566.989990,864200000
2021-11-09,568.090027,570.270020,566.479980,569.039978,569.039978,888000000
2021-11-10,567.460022,570.239990,565.780029,567.530029,567.530029,708500000
2021-11-11,568.530029,569.719971,566.000000,567.159973,567.159973,812700000
2021-11-12,568.679993,570.119995,565.340027,566.520020,566.520020,867500000
2021-11-15,567.070007,568.190002,559.469971,560.489990,560.489990,938700000
2021-11-16,559.640015,566.229980,559.239990,565.099976,565.099976,1027800000
2021-11-17,566.950012,567.700012,561.380005,564.340027,564.340027,1092300000
2021-11-18,564.669983,565.599976,561.219971,562.809998,562.809998,956300000
2021-11-19,564.630005,577.539978,564.619995,577.119995,577.119995,1298000000
2021-11-22,578.010010,579.580017,570.859985,575.239990,575.239990,1080300000
2021-11-23,576.190002,577.690002,572.500000,574.099976,574.099976,1350300000
2021-11-24,576.700012,577.059998,572.950012,574.030029,574.030029,1103400000
2021-11-25,578.359985,585.159973,577.260010,579.280029,579.280029,1170600000
2021-11-26,579.200012,579.229980,563.859985,565.929993,565.929993,1704700000
2021-11-29,564.320007,570.760010,558.739990,569.659973,569.659973,0
2021-11-30,571.109985,573.650024,558.150024,558.150024,558.150024,2175100000
2021-12-01,560.729980,566.460022,556.919983,558.500000,558.500000,1895900000
2021-12-02,559.369995,567.590027,557.719971,565.950012,565.950012,1894100000
2021-12-03,565.280029,566.640015,560.609985,560.609985,560.609985,988500000
2021-12-06,561.349976,566.309998,557.989990,562.719971,562.719971,1389900000
2021-12-07,563.340027,565.169983,561.469971,564.419983,564.419983,2012400000
2021-12-08,565.690002,568.539978,563.549988,564.729980,564.729980,2383100000
2021-12-09,566.349976,570.419983,564.809998,570.419983,570.419983,1528100000
2021-12-10,568.150024,572.489990,564.500000,572.489990,572.489990,1055500000
2021-12-13,573.559998,574.859985,569.200012,569.200012,569.200012,833900000
2021-12-14,570.900024,571.130005,564.570007,566.690002,566.690002,997400000
2021-12-15,566.239990,570.239990,565.000000,565.729980,565.729980,1440600000
2021-12-16,568.619995,572.010010,561.090027,563.130005,563.130005,1253900000
2021-12-17,560.500000,562.900024,558.320007,562.719971,562.719971,1115100000
2021-12-20,560.489990,560.869995,556.159973,558.090027,558.090027,844400000
2021-12-21,558.950012,564.229980,558.000000,562.159973,562.159973,983700000
2021-12-22,556.239990,556.239990,556.239990,556.239990,556.239990,0
2021-12-23,556.919983,559.780029,556.400024,559.440002,559.440002,767800000
2021-12-24,560.119995,562.409973,559.099976,560.890015,560.890015,652200000
2021-12-27,562.559998,564.940002,562.030029,564.570007,564.570007,741700000
2021-12-28,566.049988,568.940002,565.940002,567.039978,567.039978,1071100000
2021-12-29,568.330017,569.419983,564.469971,566.500000,566.500000,1121500000
2021-12-30,566.119995,566.919983,561.890015,562.020020,562.020020,996000000
2022-01-03,560.669983,571.039978,560.640015,569.419983,569.419983,852500000
2022-01-04,570.510010,575.479980,570.510010,572.349976,572.349976,2005900000
2022-01-05,573.460022,575.320007,564.559998,565.580017,565.580017,1490200000
2022-01-06,565.710022,566.559998,557.770020,566.520020,566.520020,1320900000
2022-01-07,567.909973,574.549988,565.150024,572.869995,572.869995,1190200000
2022-01-10,574.309998,574.909973,567.030029,567.030029,567.030029,1063500000
2022-01-11,569.289978,570.789978,558.710022,558.789978,558.789978,1541500000
2022-01-12,562.130005,564.849976,557.169983,560.590027,560.590027,1734200000
2022-01-13,563.070007,563.469971,559.130005,562.799988,562.799988,1527100000
2022-01-14,562.380005,565.150024,559.460022,563.929993,563.929993,1221800000
2022-01-17,565.340027,565.770020,553.830017,555.849976,555.849976,1482400000
2022-01-18,557.090027,558.309998,545.929993,552.960022,552.960022,1679700000
2022-01-19,552.979980,554.780029,550.150024,552.059998,552.059998,1497500000
2022-01-20,554.059998,558.299988,552.140015,555.289978,555.289978,1710600000
2022-01-21,555.280029,566.299988,552.890015,566.299988,566.299988,1109400000
2022-01-24,560.200012,560.200012,560.200012,560.200012,560.200012,0
2022-01-25,558.869995,559.030029,549.500000,553.159973,553.159973,1204100000
2022-01-26,555.659973,560.669983,553.989990,560.669983,560.669983,1171600000
2022-01-27,559.419983,559.500000,553.479980,556.520020,556.520020,1236800000
2022-01-28,556.270020,559.169983,554.159973,557.520020,557.520020,1112000000
2022-01-31,558.070007,558.859985,555.289978,556.830017,556.830017,1127200000
2022-02-02,561.989990,561.989990,561.989990,561.989990,561.989990,0
2022-02-03,562.440002,563.140015,553.919983,559.250000,559.250000,977300000
2022-02-04,560.729980,563.669983,558.510010,562.640015,562.640015,951000000
2022-02-07,568.849976,568.849976,568.849976,568.849976,568.849976,0
2022-02-08,568.619995,570.309998,562.859985,562.859985,562.859985,1436100000
2022-02-09,565.559998,568.440002,564.900024,567.989990,567.989990,1208200000
2022-02-10,571.729980,575.630005,570.609985,572.849976,572.849976,1633300000
2022-02-11,573.700012,574.659973,565.099976,568.929993,568.929993,1083300000
2022-02-14,565.489990,566.239990,558.059998,562.419983,562.419983,1127000000
2022-02-15,562.960022,567.830017,561.919983,567.830017,567.830017,866700000
2022-02-16,570.119995,572.669983,567.719971,567.719971,567.719971,998700000
2022-02-17,568.200012,570.030029,562.369995,566.440002,566.440002,869900000
2022-02-18,566.030029,572.510010,564.580017,570.549988,570.549988,1293200000
2022-02-21,570.239990,574.390015,567.780029,569.260010,569.260010,1240600000
2022-02-22,567.969971,570.950012,561.419983,568.260010,568.260010,1258000000
2022-02-23,569.030029,574.830017,567.330017,574.830017,574.830017,1336700000
2022-02-24,572.919983,576.150024,560.479980,568.109985,568.109985,2397000000
2022-02-25,569.349976,576.409973,569.270020,571.409973,571.409973,1856700000
2022-03-01,581.179993,583.700012,574.190002,574.919983,574.919983,2108500000
2022-03-02,578.890015,581.349976,569.309998,570.700012,570.700012,1711300000
2022-03-04,577.419983,583.200012,574.210022,583.140015,583.140015,2358600000
2022-03-07,585.409973,586.960022,578.239990,584.469971,584.469971,2831700000
2022-03-08,588.799988,592.739990,572.849976,575.039978,575.039978,3904700000
2022-03-09,573.679993,579.179993,572.440002,573.900024,573.900024,2420700000
2022-03-10,576.799988,579.349976,568.830017,579.239990,579.239990,2220200000
2022-03-11,576.760010,582.869995,574.369995,582.869995,582.869995,1649300000
2022-03-14,584.659973,586.010010,573.619995,577.950012,577.950012,2263000000
2022-03-15,577.419983,578.960022,565.510010,568.309998,568.309998,1914900000
2022-03-16,571.039978,576.250000,568.070007,576.250000,576.250000,2127500000
2022-03-17,577.630005,578.940002,570.099976,571.239990,571.239990,2269400000
2022-03-18,572.919983,574.460022,568.270020,573.580017,573.580017,2901700000
2022-03-21,575.239990,575.789978,571.539978,574.440002,574.440002,1526700000
2022-03-22,575.679993,582.159973,575.609985,582.159973,582.159973,1836300000
2022-03-23,583.570007,585.869995,579.909973,582.299988,582.299988,1801800000
2022-03-24,584.000000,590.369995,583.010010,590.369995,590.369995,1881000000
2022-03-25,590.190002,590.239990,581.080017,584.150024,584.150024,1591400000
2022-03-28,584.289978,590.909973,583.469971,589.789978,589.789978,1927200000
2022-03-29,590.650024,592.440002,586.500000,586.609985,586.609985,1753500000
2022-03-30,589.690002,592.419983,588.539978,591.760010,591.760010,2380300000
2022-03-31,593.909973,595.830017,589.020020,590.169983,590.169983,1601400000
